-3.3099077e-05,-4.502516e-05,0.33786994,-0.1129673,0.26734608,-1.5762242
-0.00014281271,-0.00019005762,1.0005349,-0.11964066,-0.30935016,-0.76048344
0.00026881014,0.00040116193,-1.6692348,0.28047648,0.19481549,-1.4481603
2.3932864e-05,7.1514485e-05,-0.11287989,-0.04154407,0.0711857,1.3744122
2.554368e-05,6.440164e-05,-0.10129469,-0.08776965,0.13949779,0.61432046
5.72391e-05,0.00011205554,-0.30549,-0.26854196,0.24660423,1.2009846
6.266526e-05,0.00013033235,-0.37100536,0.047729533,0.111387916,1.5159951
0.00023608339,0.00037871097,-1.5148804,0.02060334,-0.080374144,1.1513242
0.00013779072,0.00022272389,-0.8412033,0.10169189,-0.030533697,-0.26360148
-2.2192518e-05,5.0129383e-06,0.17046835,0.22700386,-0.23729058,0.64878744
-0.00012566503,-0.0001440735,0.86293995,0.2962028,0.036639307,0.827638
-2.17271e-06,2.3026689e-05,0.07933869,-0.32628742,0.03482837,0.82491225
0.0001867565,0.0002800919,-1.130831,-0.23179086,0.030594442,-0.90555686
-1.4318279e-05,2.2678267e-05,0.11492605,0.28526786,-0.07916034,1.2835499
4.3558193e-05,9.069576e-05,-0.2412506,0.09296952,-0.22319391,-0.0042655934
0.00018227808,0.0002860361,-1.1131862,0.22225372,0.31872472,-0.2720229
-0.00013656486,-0.00017428178,0.97762686,-0.3316444,0.2272478,0.7319234
-5.762187e-05,-7.120835e-05,0.45917726,0.19410007,-0.08838662,-1.5462375
-0.00020321041,-0.00025363782,1.3712293,0.36698094,0.12502894,1.0321301
0.00020167937,0.00030756206,-1.2301381,-0.14137228,0.22576198,-0.33306092
-0.00022517661,-0.00031745373,1.571236,-0.20603092,-0.06089225,-1.1734415
7.2480165e-05,0.00013878214,-0.4421624,0.18806963,-0.19256982,0.44953495
0.0001910913,0.00031036948,-1.2074963,-0.30501756,-0.02262583,1.4714955
0.00024340337,0.0003717257,-1.519731,-0.2804378,0.050505016,0.12204678
-6.280215e-05,-5.3405078e-05,0.44627774,0.34018525,-0.039578225,0.65436345
2.6725074e-05,5.2258947e-05,-0.10459817,-0.20192237,-0.28174615,-0.8768878
-0.00014294032,-0.00020025871,1.0528984,-0.29331025,0.25835022,-0.90949076
-0.000101046506,-0.00012639888,0.7510097,0.093371555,0.28823695,-0.30546492
0.00011667902,0.00020067272,-0.7294094,-0.07608612,-0.2508557,0.67051965
0.0001872187,0.0003071362,-1.1905493,-0.29882082,-0.09404864,1.6241387
-1.3427398e-05,-1.2288805e-05,0.19379665,0.12323257,0.17882432,-1.665788
0.00021805738,0.00034575554,-1.3870908,-0.23646171,-0.18666974,0.858146
-2.9208757e-05,-1.6736703e-05,0.2655117,-0.1823927,0.1929658,0.64684874
-0.00023185484,-0.0003073314,1.5707171,0.17038266,-0.1242341,-0.007714914
-0.00022048545,-0.00028003324,1.4699546,-0.010906058,-0.25004545,1.24027
-0.00018563562,-0.0002597911,1.307332,-0.287474,-0.13643566,-1.052394
0.00022905321,0.00033536853,-1.4121416,-0.35383925,-0.26198593,-1.5122386
8.305143e-05,0.00013277205,-0.44467318,-0.23267843,0.22397861,-0.47202224
7.630932e-06,4.559757e-05,-0.015226849,0.21886663,-0.1433475,0.50035775
6.218153e-05,0.00012494226,-0.37366864,-0.17682911,-0.19383392,1.1985285
-0.00012477115,-0.00014147893,0.84771615,-0.1037478,-0.1492317,1.4993871
0.00019479106,0.00031116142,-1.2072176,-0.04471739,0.3069943,0.86288816
0.00025287175,0.00040616162,-1.6215408,0.061669033,0.10180221,1.5403312
0.00024251251,0.0003829857,-1.5305767,0.18971293,0.25486907,0.6651724
-1.3475526e-05,2.3419634e-05,0.101409994,0.23493838,-0.24988288,1.1771575
7.342677e-05,0.00014982364,-0.46186027,0.063194856,-0.11937227,1.6600302
6.531167e-05,0.00012429433,-0.36783975,0.32588044,0.18371794,0.14236934
-0.00015970306,-0.00020159803,1.1145142,-0.075079754,0.2064124,0.8465646
-0.00017549077,-0.00023422844,1.2186896,0.035932224,-0.110512875,-0.5645687
0.00010377148,0.00016608741,-0.6098451,0.3026698,-0.11334207,-1.4018041
0.00027408043,0.00040720458,-1.7201303,0.11896078,-0.18377057,-1.645373
0.00019032585,0.00031137743,-1.2025694,-0.029848892,0.09099064,1.2844585
9.02531e-05,0.00013753983,-0.50266355,-0.24717005,-0.17286816,-1.3354837
6.924839e-05,0.00014262313,-0.417944,0.2448077,0.16967955,1.481163
-0.00010973499,-0.00011216581,0.72424376,0.119352266,-0.3048623,1.6878957
0.00013439025,0.00021647447,-0.8236411,-0.32284376,-0.22809878,0.19025357
-0.00022171179,-0.00031789142,1.5503639,-0.2724038,-0.22762266,-1.722993
0.00020941017,0.00033871733,-1.334685,-0.31456074,-0.08644404,1.6081942
-7.827018e-05,-0.000102888516,0.61639184,-0.017268378,0.21387944,-1.0768472
-4.8467078e-05,-5.9552593e-05,0.424213,-0.34416696,0.2362226,-0.45595187
0.00013744141,0.00022799542,-0.8376811,-0.047478516,0.17225572,0.7319246
0.00022569745,0.00036927525,-1.4404926,0.18095033,0.2535301,1.6943916
-0.00013000846,-0.00017086434,0.9452662,0.09867613,0.2747961,-0.57111424
-0.00017075641,-0.00023145738,1.1985918,0.06432669,-0.047869112,-0.9497368
-2.8606435e-05,-8.462317e-06,0.25081408,-0.13963689,0.2619588,1.3388809
0.00020822659,0.00033491806,-1.3176335,-0.07365902,0.04668889,1.097711
0.00014195574,0.00023991294,-0.9024587,-0.17834611,-0.30296722,1.0610987
-0.00024067638,-0.00032196534,1.6452569,0.12471335,0.108267166,0.09936555
-0.00018273063,-0.00024588927,1.2809874,-0.15682657,0.08988152,-0.15887134
7.874012e-05,0.0001371735,-0.45761687,-0.13905247,-0.14535877,0.053320006
0.00019288395,0.00030413794,-1.1949139,-0.26671323,0.12021551,0.6857751
8.878045e-05,0.00013779954,-0.48771983,0.027827304,0.048928235,-1.4007765
0.0002756412,0.000405898,-1.7047113,-0.19696672,0.114590265,-1.1619946
-0.00013382244,-0.0001474646,0.8935543,0.24328224,-0.09699931,1.6079797
0.00022647978,0.00034400032,-1.3947514,0.30287877,0.27880272,-1.0233017
-0.00013143996,-0.00017792276,0.9443879,0.27781263,-0.06173518,-1.6620704
0.00025420066,0.00037986343,-1.5930668,-0.35401472,-0.26797143,-0.74258393
0.00013915492,0.00020915209,-0.8049914,-0.22238536,0.2041119,-0.96655077
0.00025259418,0.00038894746,-1.5833987,0.18316548,0.1965023,-0.19877593
-0.00010997454,-0.00012161871,0.74783534,-0.15829118,-0.26198843,1.3490218
-3.4879053e-05,-3.5957077e-05,0.31439897,0.030107241,0.05234245,-0.9071078
-0.00011842043,-0.00016151986,0.8831559,-0.30738816,0.2097921,-0.6158001
-0.00010602124,-0.00013861663,0.77307194,-0.24763508,-0.13325813,-0.54967755
-3.653041e-05,-3.2523123e-05,0.305804,0.29143915,-0.060743745,-0.91467243
-0.0001695626,-0.00022394702,1.1944351,0.33557978,0.26309213,-0.60580415
6.3564905e-05,0.0001244818,-0.38139564,0.02859072,-0.2245538,0.57110316
0.00014188683,0.00022669922,-0.8467461,0.18909018,0.30566344,-0.30971116
7.410919e-05,0.00014131544,-0.4317473,-0.072180524,0.16178069,1.2406591
0.0002785558,0.00040848952,-1.7334923,-0.2476054,-0.12692776,-1.4397861
-0.00017606639,-0.00021019837,1.1881055,0.26280752,0.165207,1.6503528
-0.00022252895,-0.00028710524,1.5071195,0.24496858,0.07953868,0.68216354
0.00022276015,0.00033764375,-1.3814821,0.04996006,0.0022273997,-0.91010636
-0.00017791583,-0.00024284597,1.2547721,0.33043018,0.12422476,-1.3696805
0.0002035494,0.00032771594,-1.2921231,-0.21069081,-0.08437576,1.1845063
-0.000102433536,-0.00013989263,0.7627241,-0.15908761,-0.10459902,-1.2998222
5.252279e-05,0.00010752336,-0.31058136,0.12008004,-0.2760404,0.2694927
0.00026402023,0.0003943155,-1.6332599,-0.36410865,0.1842514,-0.30361527
0.00021046957,0.00034229583,-1.3326534,0.05851094,0.20601353,1.397756
-0.0001822231,-0.00024166453,1.2465622,0.17789142,-0.30782023,-0.770168
0.0002300469,0.00036540435,-1.4490999,0.065936014,0.24567351,0.9207004
-0.0001580059,-0.0002060945,1.0920655,-0.1525727,-0.256385,-0.0870692
0.00023313222,0.0003646416,-1.4759238,0.04487173,-0.061264183,0.18869098
-0.00019800574,-0.00028620512,1.4181386,-0.30213842,0.10552368,-1.6270658
0.0002264925,0.00034572868,-1.4263836,0.29838362,-0.2405161,-1.3087322
-0.00013172142,-0.00014868143,0.8965938,0.14915638,0.048331354,1.4963692
0.00024576858,0.00038994043,-1.5569988,0.23066466,0.24714026,0.799928
-3.979885e-05,-2.487743e-05,0.31115365,-0.12621187,0.015248898,1.0770032
-9.714978e-05,-0.00010513309,0.6751517,0.02247135,-0.0963948,0.9754208
0.00014329243,0.00024777255,-0.91580784,0.2814552,-0.11014738,0.97957355
0.00016403485,0.00028267037,-1.0490304,0.22416489,0.10675714,1.7388476
-0.00022955629,-0.00030017097,1.55417,0.05377094,-0.03394213,0.6453698
3.5658883e-05,9.012851e-05,-0.21246043,0.3302853,-0.22978914,0.60606056
-0.00019363874,-0.00024482256,1.3282515,0.013322038,0.2597483,1.2981895
0.00021210709,0.00032980402,-1.3178941,-0.13819201,0.12320957,0.25456363
0.00016698627,0.0002817786,-1.0693437,-0.06753571,-0.13517371,1.5512694
0.00014335441,0.00022985591,-0.8817521,0.14822261,-0.12954322,-0.5211727
-0.0001859639,-0.00024891805,1.2911689,-0.19709475,-0.060874607,-0.06227176
0.00023627121,0.0003825976,-1.5255191,0.117831394,-0.11153474,1.2964877
4.625056e-05,0.00010203758,-0.26842964,-0.22608739,-0.1841515,1.3086765
-2.3741497e-05,-9.261625e-06,0.21633366,-0.28024498,-0.080624275,0.5384656
-0.00024142639,-0.0003047979,1.595755,0.28757945,-0.22538939,1.2604269
0.00014701839,0.00021941913,-0.87236845,-0.19166608,-0.11915209,-1.4116951
0.00027826853,0.00041848412,-1.731052,0.29784384,0.3300577,-1.012652
9.673991e-05,0.00016967772,-0.5693281,-0.23585315,0.18515322,1.1332425
-0.00010405561,-0.00012964255,0.7387565,0.3225576,-0.22553137,-1.0586687
2.8484974e-05,6.3461295e-05,-0.12909406,-0.032666434,-0.19018023,-0.27013624
-0.00010618393,-0.00014484009,0.80235577,0.057329696,0.21991667,-1.3532556
-4.5867073e-05,-1.8746796e-05,0.3013152,0.18668284,-0.32603142,1.6454042
-0.00013600972,-0.0001704348,0.93595695,0.30379334,-0.26819912,-0.54256696
-9.69282e-05,-0.00012460529,0.7194368,0.23622791,0.08037291,-1.1402589
0.00010161879,0.00016056316,-0.5961722,0.03513233,-0.24635985,-1.2734679
-6.5909684e-05,-7.493484e-05,0.4981836,-0.06642635,-0.120063685,-0.3211984
-8.460044e-05,-9.410805e-05,0.6252033,-0.1597553,0.2210953,0.89697653
-0.00011287544,-0.00015981823,0.8567,-0.31895265,0.16879913,-1.235365
0.000113866685,0.00019836401,-0.7085294,0.2563291,-0.094984435,0.38498956
5.362124e-05,8.894899e-05,-0.26394737,-0.24674006,-0.050608125,-0.8068379
-0.00024039413,-0.00030905518,1.6050383,0.18593042,-0.14775768,0.9598964
-0.00011274831,-0.0001408432,0.80167323,-0.25589308,-0.15664342,0.16177042
0.00010328986,0.00018058823,-0.62540203,0.110392615,0.047531698,0.5336314
2.791274e-05,5.9510545e-05,-0.11867664,0.24666542,-0.13568716,-1.0171003
0.00010564661,0.0001962685,-0.6714675,0.32495216,-0.05108848,1.2379066
-0.00019038645,-0.00024259245,1.2853745,-0.07515605,-0.23511711,0.7835892
-5.1501494e-05,-5.7084457e-05,0.42376268,-0.3385218,0.10398493,0.0730644
0.00017679665,0.00029349976,-1.1178463,-0.00812729,0.07864962,1.3973297
-4.9273338e-05,-4.0077488e-05,0.38623217,-0.08101435,0.20590475,1.021947
-0.0002454809,-0.0003272944,1.6500213,0.2703375,-0.30411974,-0.36714524
5.733356e-05,0.00011107513,-0.32903862,-0.16853298,-0.19810578,0.5252972
-3.27825e-05,-1.6296857e-05,0.26547658,0.30358276,0.03160641,0.17721327
5.574126e-05,0.000105289255,-0.303124,0.23878483,0.024368618,-0.3357157
2.4017589e-05,6.6731576e-05,-0.12130395,-0.11845289,-0.25667545,0.7539994
0.00016615695,0.00025630154,-1.0092906,-0.13339742,0.00509033,-0.52796
0.00021879446,0.00034784843,-1.3924196,0.21695225,-0.09172144,0.23377688
-6.546613e-05,-5.603583e-05,0.46367595,-0.026351232,-0.053244498,1.4108235
0.00019400804,0.0003100789,-1.2085897,0.23798959,0.23167548,0.29893857
5.368252e-05,8.7112334e-05,-0.25155112,-0.1694685,0.12817678,-0.9708913
-0.00020067491,-0.00027523047,1.3912483,0.044959467,-0.1367015,-1.039435
-0.00011501009,-0.00014913434,0.84212035,-0.08133896,0.16299126,-0.34685296
-7.3018928e-06,1.6876082e-05,0.10004858,-0.010687756,-0.11107274,0.2570572
0.00014393397,0.0002196051,-0.85163045,-0.026334006,0.077617384,-1.0882684
0.00010530582,0.00017210335,-0.60970503,-0.17705436,0.13521871,0.032244757
0.00015674427,0.0002705571,-0.9874903,0.2444257,0.3057669,1.7284588
6.717956e-05,0.00010542703,-0.33459914,-0.057406146,0.20437059,-1.219194
-0.000233831,-0.000296286,1.5693301,0.2845041,0.11713443,1.3303608
4.1445717e-05,7.417009e-05,-0.180193,0.15850961,0.1797217,-1.0533096
-0.00015296398,-0.00021854657,1.101847,-0.252277,-0.17739764,-1.7272574
-0.0002053214,-0.00028357733,1.4204706,0.28575745,-0.18108907,-1.6616284
-9.387503e-05,-0.00012615355,0.7119644,-0.28334686,0.023870919,-0.836472
3.7495047e-05,6.9849746e-05,-0.17197879,0.20136274,-0.08993364,-1.2332681
0.000100321646,0.00017652649,-0.5910161,-0.2033052,0.28196368,1.3197368
7.998031e-05,0.00013801423,-0.44200787,-0.31569514,0.23033115,0.6066378
-9.9216646e-05,-0.00013652282,0.75659513,-0.21654935,0.11666057,-1.1258394
-1.9065066e-05,1.4353422e-05,0.16827975,0.17459668,0.2601584,1.639597
-0.00023162768,-0.00029917722,1.5495875,-0.11394866,-0.25256386,1.1325363
0.0002755634,0.00040574922,-1.7246585,-0.15932854,-0.25624648,-1.5585562
0.00019876439,0.00029851103,-1.2037648,0.060985725,0.21928868,-1.1602556
-4.5261786e-06,1.3839905e-05,0.09402939,-0.34397793,-0.1845219,0.11100139
-2.6963065e-05,-1.7122562e-05,0.25482225,0.08990781,0.1806224,-0.19538908
-6.7192275e-05,-6.191569e-05,0.49800506,0.21232884,0.2856693,0.96151716
-0.00010005591,-0.000109472574,0.68707114,-0.31313428,-0.2827038,1.3952488
-0.00012491544,-0.00014391728,0.8734829,0.12927668,0.26268813,1.2344831
0.00026857376,0.00040608333,-1.6917098,0.11369459,-0.086240195,-0.8960025
0.00010647098,0.00017277544,-0.6240462,-0.20763715,-0.027648833,-0.15353148
8.473451e-05,0.0001640263,-0.5365811,0.31027785,-0.1669462,0.9726451
8.1860446e-05,0.00013242976,-0.44901866,0.2395864,0.120069064,-1.2709265
0.00025242497,0.00038287707,-1.594183,-0.23189814,-0.28815475,-0.4439394
-0.00024526863,-0.0003141107,1.6270019,0.3747975,-0.23350707,0.73964864
-7.838056e-05,-7.584582e-05,0.55001,-0.13756223,-0.08089968,1.4768821
0.00015967542,0.0002596951,-0.9773557,0.2618927,0.31750974,0.2646101
-0.00024526566,-0.00031257598,1.6222059,0.07419507,-0.31247464,1.3507446
0.00015839607,0.00027464627,-1.0285847,0.13618891,-0.20565668,1.6333345
0.00025537322,0.00038318263,-1.5982648,-0.0035925684,-0.11271467,-1.073866
0.00027081568,0.00041056992,-1.704858,0.041781347,-0.024638083,-0.5952651
-9.926438e-06,-2.7535716e-06,0.13967071,0.08718672,-0.24097751,-1.5439351
6.193404e-05,0.00011867558,-0.36330077,-0.019431192,-0.2171177,0.33370274
-4.1527783e-06,1.4438116e-05,0.11286869,0.044867005,0.26624903,-0.17813604
9.169974e-05,0.0001573186,-0.5437136,0.0011471929,-0.09410765,-0.01773827
-0.00016940598,-0.00023286624,1.1890892,-0.16703708,-0.21215287,-1.0043198
0.00016764477,0.00025679765,-1.0123252,-0.2307647,0.0558897,-0.46850652
-0.00024120913,-0.00030805924,1.6046689,0.3563992,-0.15083781,0.86201173
0.00013986527,0.00022689735,-0.8540604,0.12592857,0.028174493,-0.14309232
-0.00012268516,-0.00016026461,0.86892515,0.2129548,-0.22631028,-1.214748
0.00020354404,0.0003106413,-1.2484089,0.09592526,0.16410884,-0.77268237
-0.00014856689,-0.0001845097,1.0326134,0.18837707,0.11885295,0.39434844
0.00015110432,0.0002501793,-0.92768747,-0.2459143,0.2215583,1.3586534
3.7370693e-05,8.6375716e-05,-0.18793023,-0.122455895,0.13990639,1.1407579
0.00014482497,0.00024162789,-0.89548683,-0.20876451,0.08036301,1.2195176
0.00015169375,0.0002552774,-0.9553623,-0.21087499,-0.060905244,1.4535416
0.00021912805,0.00033489786,-1.3580822,-0.35372552,0.021591518,0.06429036
-0.00013242016,-0.00018053604,0.96517855,0.08562939,0.13084647,-1.2652341
5.489567e-05,0.00010656509,-0.2899287,-0.10395594,0.20086256,0.6675815
-2.5874058e-05,-6.495713e-06,0.23271228,0.2877551,0.25331217,0.3817045
-1.5582238e-05,1.0725762e-05,0.15442364,0.2030663,0.1256936,0.6425503
-0.00011413405,-0.00013030654,0.7775826,0.031837743,-0.2823724,0.7380999
-8.269222e-05,-8.748571e-05,0.5854034,0.08162896,-0.10750558,0.5477963
0.00016965524,0.0002750792,-1.069858,-0.20909818,-0.21483961,0.723677
0.0002180047,0.00033517854,-1.3735598,0.08308236,-0.26524368,-0.78232163
0.00024070423,0.00038274328,-1.5398167,0.32588997,-0.028663065,0.4005645
0.0002298,0.0003632959,-1.4597232,0.18488686,-0.022484686,0.30605394
-6.8861973e-06,7.810122e-07,0.15159282,-0.08831881,0.28713205,-0.850043
-4.2349267e-05,-4.2741318e-05,0.362772,-0.21182539,0.14495817,-0.010999845
0.00020257985,0.0003296555,-1.296557,0.15032522,-0.111125134,0.83863956
0.00014485058,0.00025366203,-0.94139755,0.31163183,-0.25985995,1.1415523
-3.139715e-05,-3.2612297e-05,0.2941308,-0.2814804,-0.006209042,-0.5665708
-4.5920224e-05,-4.8398782e-05,0.36848083,-0.056141395,-0.17418382,-0.61530894
2.5619389e-05,6.133559e-05,-0.11116964,-0.17592189,-0.15707467,0.20670964
-0.00014379156,-0.00020036245,1.0479721,-0.2318042,0.11427889,-1.0377666
0.00021555525,0.00032922512,-1.3253201,-0.09306772,0.21367726,-0.27812833
-0.000110231544,-0.00013819902,0.7799887,-0.30314347,-0.29337052,0.030172182
0.00025903713,0.0004084713,-1.6706778,0.056827467,-0.28961793,0.57289344
0.00020629304,0.00032031388,-1.2992465,-0.016451437,-0.25438944,-0.39691418
4.208484e-05,8.9705456e-05,-0.22934212,-0.2207921,-0.18916431,0.6924692
0.00015237364,0.00023030012,-0.9040512,-0.039315064,0.07725916,-1.2104684
8.3529285e-06,3.4013014e-05,0.029160108,0.12455666,0.30061498,-0.14821355
0.00012039677,0.00020595593,-0.7382394,0.20687585,0.073864914,0.44397646
0.00010121087,0.00018218797,-0.61869985,0.042566102,0.071567275,1.1156355
0.00021209291,0.00032847602,-1.3287174,0.14728563,-0.080081366,-0.55663174
-1.2859115e-05,1.4125897e-05,0.13536716,-0.2722082,0.013923708,1.3374308
-0.00018081309,-0.0002418496,1.2503372,0.013100785,-0.17154256,-0.57000893
-0.00018858603,-0.00023729069,1.2697965,-0.26309404,-0.23762837,1.3731025
-0.00023009854,-0.00029297153,1.5395356,0.22937195,-0.06131902,1.0720319
0.00017444187,0.00026017724,-1.0517198,-0.14820822,-0.062231448,-1.3360063
0.00017314382,0.00028079064,-1.100186,-0.10167034,-0.31164518,0.51096565
-7.646975e-06,2.3870856e-05,0.07987083,0.083103165,-0.24581632,0.6878816
-0.00016678864,-0.00022783558,1.1711005,0.19520704,-0.1290392,-1.4563018
-0.00018689079,-0.00025996278,1.3140372,-0.06087788,-0.072965525,-1.24221
8.597266e-05,0.0001437183,-0.5008525,0.22530745,-0.15036413,-0.97336
0.00014990514,0.00025000153,-0.91897655,-0.30570468,0.28259048,1.6674317
-0.00019931277,-0.00027690784,1.3918618,-0.1827975,-0.1235105,-0.971595
0.00020459233,0.0003154549,-1.273642,0.25067654,-0.033649113,-0.90670794
-0.00022558468,-0.00028381898,1.4971441,-0.05030902,-0.24527231,1.6578034
-0.00016709269,-0.00021510894,1.1469249,0.04745857,-0.16941777,0.028879477
-0.0001624535,-0.00021083854,1.1391227,0.008263272,0.15455493,0.15015109
-0.0001399393,-0.00018102478,0.9955243,-0.287294,0.09058998,0.3551324
-0.00015541643,-0.00019760439,1.0726397,0.034748953,-0.10645499,0.16505702
-0.0002363588,-0.0003123322,1.6001087,0.22009985,-0.066867255,0.09925683
0.00012939477,0.00020173186,-0.78323853,0.325568,-0.25497714,-1.7039422
0.00023135912,0.00036173014,-1.452896,0.314366,0.17582998,-0.11482875
-4.777553e-05,-3.769186e-05,0.3738746,-0.010586637,0.17781898,0.89291316
0.00014425722,0.00022884444,-0.8858363,-0.106432274,-0.21518448,-0.36532038
0.00016353598,0.0002584207,-1.0071651,-0.2063318,-0.07511511,0.09599526
0.00013201124,0.0001931455,-0.7698454,-0.38471398,-0.23462263,-1.605677
-0.00018372058,-0.00024231654,1.2759453,0.33432093,0.12733158,-0.5207121
-0.000115887975,-0.00016014467,0.86478287,0.10064261,0.15860173,-1.604855
-0.00022256917,-0.00028452146,1.5139534,-0.022165615,0.25266394,1.5617298
-0.0002066599,-0.00025919513,1.3775059,-0.1836284,-0.2775487,1.6026577
-8.803945e-05,-9.138959e-05,0.6127775,-0.22550626,-0.16088155,1.413081
-0.00023547515,-0.00031621204,1.6120679,-0.18163688,0.017769191,0.39491206
-0.0001237909,-0.00013692697,0.83290505,0.19475107,-0.14822462,1.2690948
0.00020490213,0.00029618602,-1.2184424,-0.31947336,0.2391189,-1.5373017
0.00015494558,0.0002430795,-0.9378924,0.0028361501,0.09026239,-0.4084813
-0.00023666241,-0.0003332557,1.6356276,-0.21732862,-0.23592678,-1.2291771
-0.00012389843,-0.00014610481,0.8709288,-0.048339564,0.18336293,1.1307911
6.916528e-06,3.2560005e-05,0.009613312,0.34253356,-0.17624263,-0.8953696
-0.00011587354,-0.00015450509,0.83689713,-0.09280498,-0.18302885,-1.024635
0.00021654592,0.00034160516,-1.3547677,-0.35039148,0.13822994,1.1588544
0.00019241312,0.00030724984,-1.1972656,0.07170384,0.20412335,0.5204819
-0.00013783532,-0.000172389,0.95261514,0.3427283,-0.15255824,-0.44437188
0.00026196527,0.0004213779,-1.6820883,0.31311956,0.19612822,1.3729948
0.0002420325,0.00038325193,-1.5310106,-0.06282671,0.18497142,1.1443924
6.3831394e-05,0.00010286094,-0.34037355,-0.12704821,-0.23520333,-1.2643374
0.0002658415,0.00041333542,-1.6777894,-0.34078607,0.1649693,1.2035278
-7.62323e-05,-8.691533e-05,0.56739074,0.18288378,0.0473201,-0.33464926
-6.8063426e-05,-8.9452034e-05,0.5347126,-0.3474346,-0.15137038,-0.938585
-1.3040502e-05,1.4054105e-05,0.13420245,0.24365374,0.05469929,0.47455895
-3.84056e-05,-3.241298e-05,0.30673787,0.055911105,-0.20567116,-0.35370964
-0.00012535222,-0.0001715241,0.92801386,0.14224868,0.26613638,-1.3629953
0.00015432156,0.00024200369,-0.95361876,0.1593446,-0.255919,-1.0077053
-0.00019703919,-0.00027527966,1.3849076,-0.14410956,-0.02977338,-1.1166817
0.00011679465,0.00017037085,-0.6563608,-0.31238076,-0.0011691113,-1.6011697
-0.00018756038,-0.00022998912,1.2537355,0.15860932,-0.14148703,1.2639431
-0.00022227688,-0.0002828508,1.4914087,0.1148843,-0.06132665,1.1611437
0.00016013964,0.00024509258,-0.9517811,-0.2220517,0.23427054,-0.4078452
-0.00021857835,-0.00030342262,1.5313395,0.1685776,0.21524438,-1.1680228
-0.00022132993,-0.000291626,1.514587,-0.16098864,0.08065281,0.8070052
-8.819094e-05,-0.000100315854,0.64325446,-0.18933101,0.0798981,0.7286108
-0.00017052644,-0.00022457654,1.1739407,-0.16070922,-0.27636328,-0.1250469
0.00021534863,0.00033934796,-1.3676695,0.052299183,-0.20062533,0.094855145
0.000116340394,0.00018477734,-0.7017476,0.13906686,-0.2923409,-1.2204033
0.00012777367,0.0002083132,-0.7820321,0.029984992,-0.15925291,-0.2413489
8.7864944e-05,0.00016807456,-0.55924124,-0.20437391,-0.29960594,1.7247554
-3.3682885e-05,-2.5595858e-05,0.27217472,0.13445197,-0.25973192,-0.5424574
0.000113849106,0.00017047787,-0.6407701,-0.32869646,0.08088825,-1.0825115
-0.00020125964,-0.0002649899,1.3829556,-0.01891597,0.02004299,0.27131397
-0.0002449841,-0.00034236076,1.6892542,-0.08036764,-0.13089743,-1.0996681
-3.9405266e-05,-2.2923945e-05,0.31864,0.17143355,0.29307392,0.9245531
3.218543e-05,6.702104e-05,-0.1411666,0.23992737,0.011869874,-0.74844235
-0.00021017667,-0.00027586843,1.4238638,-0.101891354,-0.24480811,0.3792613
3.0118532e-05,5.9201142e-05,-0.10356555,0.029881503,0.25178477,-0.62546724
4.657455e-05,9.768287e-05,-0.24327989,0.053607833,0.18885785,0.6787312
-0.00024027219,-0.00034482236,1.6836089,-0.22941168,-0.014851,-1.6193467
0.00016264046,0.00025937,-1.018185,0.0529267,-0.26747552,-0.3195297
0.00015563545,0.00023498986,-0.91440266,0.020016592,0.28799674,-1.1334378
-0.00018154885,-0.0002197974,1.2148441,0.13639443,-0.081898116,1.4985102
6.9768794e-05,0.00013414153,-0.40617853,0.28958908,0.13097063,0.48514122
0.00016987878,0.00027762417,-1.0566502,-0.21454127,0.13140568,1.2501873
6.3777225e-07,2.9899878e-05,0.047077473,0.18626672,-0.043230224,0.11332835
6.147599e-05,0.000119494165,-0.34386003,0.35343745,0.19209883,0.17242558
8.544256e-05,0.00013965525,-0.4709043,-0.22333904,0.15225849,-0.22461526
-0.00015150766,-0.00020500092,1.078178,0.020972889,0.0059479214,-0.9587509
-0.00021222026,-0.00029365806,1.4788928,-0.031773407,0.0087002255,-0.9396426
2.971377e-05,7.527492e-05,-0.16242513,0.17599808,-0.27031043,0.24737437
-0.000119447635,-0.00015185059,0.86826915,0.29031113,0.2938647,-0.53834885
-0.00019061995,-0.00025299998,1.3319051,0.30699673,0.29426512,-0.3921935
0.00015341338,0.0002604136,-0.9792624,0.13558047,-0.14741221,1.0146207
-4.7229507e-05,-3.1480406e-05,0.33902922,0.23704807,-0.16827968,0.66631204
-0.00012559582,-0.00014564733,0.86444575,-0.16113944,-0.054639723,1.4003376
3.404289e-05,7.260304e-05,-0.16524678,-0.3132304,-0.18749002,0.3359968
-5.4553497e-05,-3.6892117e-05,0.39056432,0.38169488,0.09857086,1.1394566
-0.00018060795,-0.0002275111,1.2339324,0.022984426,0.04621849,0.945659
0.00016553915,0.00025694224,-1.0097642,-0.3313702,-0.053825762,-0.081244156
-8.0428945e-05,-0.00010643454,0.6081041,-0.1225986,-0.2286469,-1.3192333
-3.8475493e-05,-2.638487e-05,0.30733362,-0.07019879,-0.0070991777,0.63077575
7.758156e-06,2.5401569e-05,0.044186298,0.33043048,0.2636051,-1.2873083
5.7344238e-05,9.541794e-05,-0.2734219,0.001466793,0.29903352,-0.83710927
9.069046e-05,0.0001516524,-0.5099091,-0.17710538,0.23014829,0.18247159
-0.00021186736,-0.0002771866,1.4404792,0.22777359,-0.054690745,0.06830771
-0.00011957792,-0.00013888616,0.84461486,0.2625536,0.30147204,0.77445203
-0.0002017905,-0.00027020177,1.3890346,-0.26839718,-0.12560478,0.1620601
-6.172925e-05,-4.6191824e-05,0.434954,0.13513164,0.049730334,1.6383008
-0.00025287113,-0.00032047016,1.6668144,0.40458956,-0.25150004,1.1143354
0.00024795497,0.00036636306,-1.5363139,-0.1617256,-0.106841706,-1.3690802
-0.0002463716,-0.00034454916,1.7055029,-0.31576118,-0.04156318,-0.6199357
0.000116765994,0.00021469375,-0.7412415,0.25226477,0.07911859,1.7048134
-8.677136e-06,2.310684e-06,0.15435873,-0.31828997,0.23229048,-0.095726535
7.004e-05,0.00014498917,-0.44276184,0.16102146,-0.15991774,1.4567995
0.00012265105,0.00021678195,-0.76394725,0.18751507,0.13618335,1.2559592
0.00021353882,0.000343281,-1.3509165,0.29730406,0.15519962,0.59837514
-0.00025201938,-0.00033275195,1.7159433,-0.012123185,0.21571359,0.9747413
-0.00023541912,-0.00032602382,1.6178061,0.14590232,-0.16812173,-1.2960769
0.00021051521,0.00030831704,-1.2616115,-0.17518075,0.28545937,-1.3699609
5.292572e-05,0.00011432446,-0.3202505,0.15518843,-0.18152985,0.8843606
-8.431914e-05,-8.1300284e-05,0.5861799,0.24857287,0.035341594,1.1926605
0.00015375459,0.00024700118,-0.9391886,-0.3094407,0.07427011,0.6719163
0.00023528926,0.00035922328,-1.4770836,0.10600345,-0.11313548,-0.78155583
2.5732425e-05,4.908439e-05,-0.087502986,-0.25851893,-0.15717664,-0.8327972
-0.00021106216,-0.0002907328,1.4730321,-0.024422485,0.0855783,-0.7656953
3.4031294e-05,7.8740966e-05,-0.16090575,-0.11315712,0.1365555,0.85348505
5.819461e-05,0.00010010814,-0.316607,0.08720647,-0.25642526,-1.1475348
-0.00025100884,-0.0003455965,1.7298616,0.36656204,0.14764842,-1.1252724
0.00024610639,0.00040177087,-1.6073495,0.30157033,-0.22725263,1.3402971
-8.067822e-05,-7.37848e-05,0.5637385,0.37867966,0.1604574,1.2861599
8.698729e-05,0.00013904631,-0.4700035,-0.0040722666,0.28788438,-0.7668275
-0.00017834401,-0.00021842166,1.2074211,0.20797198,0.06418953,1.188135
0.0001149647,0.00019675467,-0.70978034,0.15434472,-0.11315622,0.24469645
0.00018947088,0.00030042054,-1.1854526,-0.1715265,-0.060131457,0.4746335
-0.00013956924,-0.0001877631,0.9976842,0.3095645,0.009089563,-1.4725024
-0.00016613024,-0.0002316566,1.195602,-0.008596259,0.20165095,-1.2592808
-2.1523552e-05,-1.4743193e-05,0.20608136,-0.0012184558,-0.26458552,-0.9497485
0.00018483905,0.00030247596,-1.1666104,0.15856712,0.08432255,0.8517478
-0.00015309414,-0.00020425512,1.094849,0.030822676,0.22881588,-0.48961133
-6.124818e-05,-7.1535615e-05,0.4758471,-0.13362248,-0.09584924,-0.5001609
0.00013636456,0.00022165458,-0.82126284,0.070707485,0.19368896,0.08371623
-0.00022355553,-0.00031627636,1.549382,-0.1415108,-0.29781857,-1.608172
3.520786e-05,5.3740747e-05,-0.11495232,-0.16297747,0.17708448,-1.5737604
0.00024916214,0.00036463802,-1.5247028,-0.23221858,0.11914406,-1.3767258
-9.638291e-05,-0.00012829821,0.736032,-0.120094374,0.23982176,-0.7948846
-1.4455336e-06,1.2158762e-05,0.10507413,0.15898892,0.24904606,-0.9882211
0.00016146587,0.00026116968,-1.0188713,0.3171014,-0.25918952,-0.4474594
0.00025522406,0.00039258297,-1.5956541,-0.114164904,0.23788819,0.34990436
-0.000116832554,-0.00015052452,0.85396045,0.08031218,0.22865126,-0.4572894
9.771921e-05,0.00015816484,-0.5547382,-0.06646557,0.14257142,-0.44076198
0.00012819612,0.00021793458,-0.81078064,0.20512037,-0.29341725,0.19024499
-0.00021245539,-0.0002758698,1.4592406,0.033838432,0.26556358,0.9018615
0.00015037502,0.00022877981,-0.8936433,0.11886196,0.099298336,-1.3411847
-0.000195851,-0.00027412843,1.378496,-0.056432087,-0.01108351,-1.3103725
-0.000245339,-0.00031906736,1.6630679,-0.046329815,0.18612632,1.3934478
0.00010668184,0.0001917329,-0.6483392,-0.099782184,0.2225059,1.6570357
-9.966889e-05,-0.00014315215,0.78033435,-0.110508755,0.30393538,-1.720503
0.00018816876,0.00031882123,-1.2317758,0.16317551,-0.30495492,1.6025666
-0.00017889719,-0.00025068733,1.272242,-0.045286257,0.044972513,-1.3851124
0.000244708,0.00036821413,-1.5389417,0.2568058,-0.2536017,-1.6163288
0.00021091585,0.00032288584,-1.2954,0.31526032,0.2780939,-0.9115531
0.00016082719,0.0002589604,-1.0101038,0.1683809,-0.24264279,-0.2913372
-0.000107039785,-0.00012035019,0.74349564,-0.015925247,-0.071320914,0.97912484
-0.00011482963,-0.00015039055,0.82819396,0.15012304,-0.08923187,-1.1251258
0.000120980476,0.00019539143,-0.70993006,-0.17925484,0.20537516,0.1558698
3.468127e-05,5.1461277e-05,-0.10435484,-0.17306736,0.25330895,-1.6337737
-9.075279e-05,-0.00011026699,0.6681162,-0.09026869,0.023258064,-0.09392826
-0.0001420432,-0.00020020673,1.0450631,-0.34736738,0.1708661,-1.0094277
-5.179746e-05,-4.47849e-05,0.40563095,-0.21623398,0.2004992,1.1567394
-4.0796698e-05,-3.137037e-05,0.31709945,0.25935706,-0.11515745,-0.2055053
0.00021085633,0.0003322404,-1.3405644,-0.15024741,-0.2960612,0.31291467
-0.00020351706,-0.0002679973,1.4089679,0.10729711,0.25330314,0.27690345
-0.00014904009,-0.0001889637,1.0242568,0.3431827,-0.20038524,-0.52179164
-0.00018510202,-0.0002659841,1.3307959,-0.30092248,0.11186681,-1.4755999
0.00011593856,0.00017437366,-0.6475356,-0.16020818,0.2642325,-1.1373726
-6.0018512e-05,-5.3656622e-05,0.45060062,-0.12690492,0.15481392,1.2467191
-0.00021184696,-0.00027129566,1.4402457,-0.13591345,0.09456096,1.4061168
-0.00010987498,-0.00012905253,0.7874134,0.0805351,0.24589846,0.64718467
0.00019983061,0.0003308691,-1.2994134,0.19263427,-0.30612817,1.087973
0.00024792898,0.0003882818,-1.5600821,-0.3259512,0.1995283,1.2902607
0.00017711475,0.00029113374,-1.1021303,-0.12582286,0.28843507,1.5210141
0.00012116776,0.00021317684,-0.745512,0.33637884,0.26683554,0.9668878
-0.00016374802,-0.00020649144,1.1107174,-0.16100557,-0.32949272,0.61959344
2.932166e-05,6.583761e-05,-0.11562019,0.19489206,0.23265414,-0.19131328
9.902746e-05,0.00016708227,-0.5923525,-0.118390396,-0.15119424,0.06431706
0.00019811747,0.00031743976,-1.2374762,-0.25993785,0.17170033,1.2664255
-3.345244e-05,-1.26439845e-05,0.2582475,0.25004467,-0.027560439,0.6619937
2.9159959e-05,5.5516728e-05,-0.12370285,0.14265685,-0.29663485,-1.5278493
0.00013904633,0.00021700088,-0.82559335,-0.10527499,0.111507155,-0.49120682
0.00015056318,0.00022612406,-0.8875312,0.15219705,0.13635918,-1.6476113
-3.278984e-06,2.4155222e-05,0.06300217,0.31332517,-0.20644541,-0.26346156
-5.3626933e-05,-6.378912e-05,0.44683036,0.33143595,0.24423471,-1.3412033
0.00015171136,0.00024650677,-0.9531298,0.018569391,-0.29194894,0.0019882452
0.00019008716,0.00031111835,-1.2110991,0.30107537,-0.041583207,0.58785754
-9.853509e-05,-0.00010280988,0.6842528,0.08846669,0.065384604,1.4139367
-0.00021211365,-0.0002940084,1.4946659,-0.12697966,0.27885637,-0.58098716
-0.00019491,-0.00027740886,1.3904456,-0.11278732,0.15013799,-1.5119358
-0.00021811444,-0.00027213423,1.4648715,0.36668172,0.15549645,1.3527616
-0.00015566064,-0.00021936218,1.1225084,-0.14659436,0.0009151439,-1.4633523
0.0002269245,0.00035326587,-1.4187647,0.14343159,0.17043075,-0.011367964
0.00025534997,0.0003752756,-1.5583584,-0.21352728,0.30880746,-1.0822245
0.00020361152,0.00033247258,-1.3122907,-0.17004211,-0.2770218,1.388709
5.906744e-05,0.000118894786,-0.33117908,0.3333334,0.23285535,0.5197473
-0.0002235878,-0.00029025166,1.5097014,0.38669482,-0.035981085,0.17438348
0.0002693858,0.00042014485,-1.7116992,0.007249278,0.08090816,0.67154723
0.00017051295,0.00029016435,-1.1025884,0.08067171,-0.18291989,1.5594882
-0.00022899195,-0.0003148704,1.5936719,-0.21843536,0.17354736,-0.17082374
-0.00020090357,-0.00025751165,1.3598069,-0.06865962,-0.12489309,0.8975652
-0.00021112886,-0.00027640068,1.4574922,-0.2341791,0.26713213,1.1455148
5.5774737e-05,9.7579534e-05,-0.29643986,-0.2455466,-0.19366047,-0.40788406
-0.00014703955,-0.00020634936,1.0712694,0.048335474,0.14730701,-1.6296526
-0.00015118496,-0.000208326,1.0811287,-0.30337772,-0.08266439,-0.8224899
0.0001715987,0.00025787507,-1.0428141,-0.35442623,-0.20859614,-0.92506665
-0.00018832376,-0.00023890141,1.2729199,0.14838044,-0.156912,0.522528
-0.000101024954,-0.00010613675,0.6908014,0.2796524,-0.07599189,0.9761055
7.378988e-06,3.8764403e-05,0.0035394183,0.1444466,-0.067511134,0.08127109
0.00023152503,0.0003471201,-1.4234056,-0.005645114,0.16792187,-0.9718887
-0.00022676511,-0.0003063723,1.556453,0.2766253,0.018271063,-0.68327826
3.7580536e-05,7.791392e-05,-0.16462207,-0.0015603779,0.3033587,0.2321005
-8.78962e-05,-0.00010686822,0.63759387,0.063893005,-0.19524422,-0.6303572
-0.00010548858,-0.0001095655,0.70852834,0.09335224,-0.20997754,1.4789251
-0.00015834636,-0.00021519061,1.1285628,0.23926704,0.12897429,-1.2666656
0.00021755962,0.00035225396,-1.3864075,-0.14289267,0.033111427,1.5748938
-8.607647e-05,-9.574261e-05,0.6262688,0.20371549,0.13494703,0.22301205
-6.407894e-05,-5.8913793e-05,0.45727125,-0.12607928,-0.18994907,1.0010592
-1.8081497e-05,-2.0765427e-05,0.2286948,-0.11978476,0.16096601,-1.4159931
-0.00022038368,-0.00030618403,1.5242056,-0.26519617,-0.20319262,-0.77929705
0.0002652136,0.00042119928,-1.7095357,0.3455452,-0.08238735,0.6041768
-8.719451e-05,-0.00010058307,0.63653,0.29434255,0.0890759,-0.2863571
-0.0001240229,-0.0001811345,0.9376377,-0.3634642,0.12243018,-1.6925548
0.00013082271,0.00023074671,-0.8305018,0.17000477,-0.02806976,1.3471254
0.00019941201,0.0003150756,-1.2530935,-0.027638037,-0.07265606,0.23368104
0.00024685258,0.00040331623,-1.6047844,0.22354929,-0.08572116,1.6479696
1.741631e-05,5.6935754e-05,-0.059129823,-0.11655378,0.08050465,1.0239192
7.9987236e-05,0.00015315702,-0.47707123,0.28053948,0.20813486,0.9732314
1.8913572e-05,3.8439124e-05,-0.047292046,0.09822136,-0.21459289,-1.5917976
0.00021648018,0.0003291183,-1.3508865,0.0994343,-0.16569105,-1.0920941
-0.00018278185,-0.00025384696,1.2848493,-0.18897088,-0.1267561,-1.045571
-0.00021971915,-0.0003112462,1.5506574,-0.29111108,0.14681897,-1.0009209
-0.00018845835,-0.00027103894,1.3585519,-0.29735288,0.21037206,-1.4142367
8.6164495e-05,0.00013158581,-0.46370584,0.060251396,0.094060995,-1.6507509
-0.00013246898,-0.0001866461,0.98656464,-0.09178622,0.2788088,-1.3967901
4.551058e-05,8.87698e-05,-0.2399385,0.2616694,-0.105391376,-0.65447587
2.5247737e-05,4.2976513e-05,-0.051219117,0.066716075,0.30904186,-1.5174077
-0.00015189442,-0.00019675966,1.0687646,0.3507606,0.14479598,-0.58189553
-0.000105984174,-0.00012889219,0.7715932,-0.042772252,0.21394023,0.31563073
0.00012057333,0.00019347666,-0.7263823,-0.11186965,-0.1817843,-0.43113202
-0.00018171103,-0.00024399656,1.2662662,-0.09374459,-0.03325477,-0.33943814
-0.00010749485,-0.00014866937,0.8178243,-0.016511876,0.26693603,-1.3652815
0.00021016052,0.0003273431,-1.3171266,-0.12269385,-0.082299136,0.08023484
-0.0002275159,-0.00030354693,1.5520948,-0.0020747958,-0.05663028,0.1200002
-0.00021217122,-0.00026495886,1.430795,0.27662483,0.18268499,1.4006518
0.0002634757,0.00039830865,-1.653885,0.14778702,-0.015220311,-0.93214387
-9.839509e-05,-0.000118749886,0.71181697,-0.29958186,-0.036489513,0.471659
5.2203814e-05,0.00010205937,-0.29119486,0.24831979,-0.11511653,-0.29488748
-0.00024018493,-0.00031545755,1.6230832,-0.2521356,-0.09240403,1.1465858
0.00019604938,0.0003083295,-1.2164387,0.18904679,0.16123971,-0.12540929
-6.877036e-05,-7.739271e-05,0.51857454,0.10526602,-0.005841043,-0.3652441
0.000107302054,0.00019116525,-0.67991406,0.036899608,-0.312812,0.80320865
-0.00011768282,-0.00015533424,0.8444056,0.07353632,-0.17551592,-1.1427785
-1.8114271e-05,5.8993755e-06,0.16910926,0.17345135,0.044946197,0.5130808
-6.1546874e-05,-7.5028416e-05,0.5009152,-0.112161115,0.22382316,-0.5495569
9.31118e-05,0.00016221937,-0.54369926,0.16173403,0.20045397,0.22895797
-7.127895e-05,-8.917341e-05,0.53932554,-0.03291281,-0.23387012,-1.0990223
0.00016534336,0.00025793895,-1.0122281,0.12468259,-0.009370949,-0.7304799
0.00013984217,0.00021760467,-0.82213366,0.091315314,0.28102908,-0.74387425
0.00012342758,0.00019014775,-0.71051055,-0.19818635,0.17846355,-0.6735279
1.7937407e-05,4.29617e-05,-0.03186747,-0.13857365,0.123429485,-0.30645537
-2.0383377e-05,-2.012906e-05,0.2350991,-0.20248382,0.12799796,-0.91892916
8.440412e-05,0.00012653707,-0.46516964,-0.27052978,-0.2820386,-1.6326267
7.9017016e-05,0.00015255225,-0.47491822,0.26057628,0.15583494,1.0390698
-0.00021113157,-0.00027456714,1.4371974,0.19687788,0.02361903,0.3406666
0.00019009957,0.0002926319,-1.16089,-0.098770216,0.17190155,-0.28171557
0.00021391298,0.00033142496,-1.3349196,-0.05533393,0.0060208775,-0.09060399
-0.0002470775,-0.00035005074,1.7198713,-0.10213144,0.011848543,-1.3807684
-0.0001475425,-0.00019210434,1.0312476,0.011781854,-0.12764111,-0.37587708
-0.0002166319,-0.00027764132,1.4783149,-0.05644353,0.24879345,1.4557642
-0.00023176981,-0.0003150386,1.5967296,-0.20685203,0.03195462,0.05203183
4.2902244e-05,0.00010441027,-0.26427642,0.047772866,-0.21698672,1.4826514
3.419845e-05,8.286537e-05,-0.17197993,-0.1964852,0.07725568,1.3204192
-6.197915e-05,-8.2453975e-05,0.49437046,-0.0070068417,-0.17098752,-1.7335062
-0.0001260322,-0.00014225184,0.85444796,-0.15515335,-0.14842442,1.6919731
-7.481914e-05,-7.7987344e-05,0.5306165,0.22506897,-0.20925942,0.022358729
-0.00012895638,-0.00015919436,0.89773715,-0.33144268,-0.17878368,0.7640627
-0.0002055132,-0.00027832246,1.4313651,-0.075850084,0.13547239,-0.2117788
1.4571131e-05,4.9294515e-05,-0.05304565,0.044840675,-0.24991174,0.109644935
7.084306e-05,0.00012201823,-0.37706926,0.29095474,0.31471512,-0.66257447
4.5036813e-05,0.00010105915,-0.2538522,-0.20718373,-0.032829057,1.4825064
-8.006458e-06,-3.6560268e-06,0.1399266,-0.15594248,-0.170612,-1.4015583
-1.4075544e-05,-1.6757622e-06,0.18392745,-0.31232408,0.25961575,0.2831847
0.00010825734,0.00017143547,-0.61503905,0.22596125,0.2799606,-1.0287005
-4.9197526e-05,-3.7283695e-05,0.3779568,-0.2566477,0.13107806,1.5247854
-0.00022101063,-0.00031096573,1.5506488,0.15791743,0.13380823,-1.605167
5.8893635e-05,0.000106895524,-0.30357417,-0.24106432,0.22015086,0.40707546
-3.303929e-05,-2.5122717e-05,0.28934538,0.27022752,0.13695544,-0.47863883
0.00022928418,0.00033042757,-1.3771629,-0.3265346,0.22643384,-1.6351887
-1.2847524e-05,7.891642e-06,0.14019024,0.25904283,-0.03585468,-0.24795668
4.1528267e-05,7.069584e-05,-0.18972392,-0.005292128,-0.13571447,-1.3829947
-1.11514455e-05,-1.1809243e-07,0.1372257,-0.075569585,-0.30311358,-0.88809747
-0.00010505735,-0.0001162643,0.74714905,-0.19556244,0.25016364,1.6975373
8.857166e-05,0.00013516704,-0.47392347,0.01572619,0.19327757,-1.4749599
3.9904153e-05,6.624058e-05,-0.17086509,-0.23973225,-0.09434843,-1.1310354
-0.000118133656,-0.00016850384,0.88428986,-0.24724968,0.014644835,-1.6013285
-8.9437395e-05,-9.974197e-05,0.64441115,-0.19069035,0.03420267,0.91800576
-1.306897e-05,1.60185e-05,0.11399918,-0.19120719,-0.3140814,1.1147796
7.929656e-05,0.000132686,-0.4511819,-0.14306207,-0.14655635,-0.44632238
-0.00012072525,-0.00015320706,0.848345,-0.10544427,-0.2674202,-0.28157538
-0.00011694415,-0.00014178437,0.80709076,0.24429421,-0.30764034,-0.36995906
-0.00011579097,-0.0001352843,0.8159925,0.19881837,0.15710136,0.5813239
0.00023432773,0.0003717664,-1.4745029,-0.34330997,0.23978743,1.6589936
2.3933495e-05,4.8699432e-05,-0.08466853,-0.35309836,-0.2581798,-0.54158676
0.00019493782,0.00032165917,-1.233982,0.3408095,0.2522703,1.1122402
0.00012253132,0.00020733889,-0.7447452,0.19673221,0.15022478,0.36619455
7.861269e-05,0.00015434281,-0.48135102,0.29879323,0.07821075,1.129848
7.313036e-05,0.00012778956,-0.41054374,0.25205526,0.05669323,-0.5851831
1.6418553e-06,3.7283935e-05,0.035457652,-0.07819161,0.03294437,1.2171396
-2.6401238e-05,-1.4521494e-05,0.23959222,-0.05593123,0.009805713,0.084441975
-6.006432e-05,-5.0174924e-05,0.42388976,0.28774503,-0.15403351,0.57700783
-8.9571e-06,1.440899e-05,0.098133914,0.355492,-0.29315194,-0.5608808
4.5888023e-06,2.0877198e-05,0.06038099,0.116718754,0.14914674,-1.0022196
0.00020405948,0.00033152188,-1.2921683,0.33120146,0.16499457,0.73376495
-0.00020017622,-0.00026422887,1.3635076,0.109184906,-0.21528283,-0.24046628
0.00026786773,0.00042328596,-1.7176995,-0.17735966,-0.05238953,1.3924631
-6.478994e-05,-7.815772e-05,0.5059155,0.2597647,0.035589848,-1.2268583
-0.00020051184,-0.0002642703,1.3762481,-0.23879845,-0.058586743,0.5583642
7.626972e-05,0.00012751734,-0.43509537,-0.10760237,-0.23833331,-0.6654561
9.763228e-05,0.00016900059,-0.5841209,0.26740673,0.027664993,-0.0879256
-0.0001686903,-0.00023852653,1.2143061,0.0066241445,0.12770137,-1.6538516
0.00013506734,0.00021273246,-0.7927819,0.013864321,0.30425355,-0.39114636
-4.1947813e-05,-5.7131634e-05,0.3874845,-0.22625978,0.11932222,-1.4383975
8.54291e-05,0.00015229444,-0.49870798,-0.26157656,0.078924455,0.98838466
-0.00014027745,-0.00016382222,0.96083003,0.18706243,0.10509942,1.2151827
-0.00014067903,-0.00016508956,0.9672967,-0.045770008,0.116397955,1.5734128
0.00024257513,0.00039438732,-1.5799009,-0.016513426,-0.27643052,1.645172
0.00025323633,0.00039221378,-1.5875803,0.116545126,0.26911435,0.20682843
-5.042396e-05,-3.313341e-05,0.36979738,-0.02135973,0.076800175,1.6249404
-0.00023421018,-0.0003076043,1.5849607,-0.077259615,-0.07375207,0.77645236
-0.00016977006,-0.00023931978,1.2257253,-0.35715875,0.1795927,-0.8880808
-4.60825e-05,-3.609676e-05,0.3389532,0.12713055,-0.26813838,0.17417403
7.83584e-05,0.00012265335,-0.4203036,-0.04186972,0.017719243,-1.3106049
0.00019542027,0.00031139466,-1.2212546,0.007876796,0.10943804,0.53091604
-0.00016553864,-0.00020785676,1.1197909,-0.11522873,-0.32884303,0.6559108
-0.00012423968,-0.00015630531,0.87379706,-0.15780456,-0.16194466,0.0941437
-1.7149941e-05,6.454993e-06,0.14479125,0.22596444,-0.30652532,0.030333174
-0.00012723432,-0.00015257631,0.87256575,-0.14231737,-0.2600403,0.750675
0.00020477279,0.00032617396,-1.2916282,-0.18357499,-0.040092852,0.8587764
0.00020498103,0.00033660958,-1.3240362,-0.016742546,-0.22898355,1.3644098
6.7327856e-05,0.00011672983,-0.37354875,-0.21108814,-0.1262801,-0.17738812
0.00020803128,0.0003058002,-1.2572358,-0.24864347,0.09340439,-1.3053757
-0.00017927962,-0.00022373945,1.216304,-0.22018369,-0.0887176,1.435932
-0.00018135979,-0.00024467442,1.2825152,0.16623633,0.30440387,-0.6178786
-9.01274e-05,-9.231546e-05,0.62119204,-0.2428511,-0.18707517,1.6210843
2.2339476e-05,6.97528e-05,-0.11121021,-0.2661452,-0.104624785,1.6709702
0.00018960507,0.00029982865,-1.1699396,-0.0023992835,0.23831138,0.3614176
0.00026286842,0.00038872685,-1.6235127,-0.29701194,0.09683452,-0.87452
0.00013820508,0.00021902398,-0.81908137,0.2211142,0.29219088,-0.6028189
-0.000102473234,-0.00014038934,0.7863627,-0.21217068,0.30080447,-0.8908321
7.478983e-05,0.00014061714,-0.42723823,-0.16100986,0.25409433,1.3189291
-7.370212e-06,1.4315519e-05,0.114552565,-0.27939042,0.020117465,0.6148651
0.0001729921,0.0002651663,-1.0386606,-0.15237029,0.25063,-0.37625474
-3.9431096e-05,-4.1511666e-05,0.3414513,-0.29295424,-0.011817601,-0.29066986
-0.00011887813,-0.00015272279,0.8509988,-0.29233918,-0.101093076,-0.012171434
4.344621e-06,2.3286866e-05,0.039090786,0.1270393,-0.17227934,-1.0392956
-9.685164e-05,-0.00011677857,0.69725245,0.2722291,-0.04128244,-0.574001
-0.0001731502,-0.0002101131,1.1561106,0.29794303,-0.2101852,0.8626464
-8.257548e-05,-9.784034e-05,0.6183731,0.34899047,0.1822184,-0.67812365
-0.000158842,-0.00020686965,1.1058866,0.22950117,-0.031083968,-0.52649945
-3.6290705e-05,-5.235056e-05,0.36410606,-0.2608228,0.24713364,-1.5898553
-0.00025106617,-0.00034730532,1.7341624,0.2307028,0.14224753,-1.0438839
-7.436673e-05,-7.867535e-05,0.5352077,-0.10933967,-0.16777363,0.52498037
-6.138488e-05,-6.78563e-05,0.46186945,-0.1901824,-0.24116686,-0.15698974
-1.3426537e-05,1.7266848e-05,0.13606946,-0.23277242,0.10334023,1.7245569
7.06897e-05,0.00014555124,-0.43947512,0.37250122,-0.0029824039,1.1828104
7.2974086e-05,0.00012550072,-0.40235227,-0.13275762,0.058115993,-0.0970103
3.712054e-05,8.2175975e-05,-0.17985646,-0.11454485,0.12445442,0.746403
-8.311946e-05,-0.000107401065,0.6499621,-0.20667835,0.30512556,-0.42061657
6.765548e-05,0.00012343518,-0.36675376,-0.11226703,0.27113274,0.5919319
-4.9599726e-05,-6.331115e-05,0.42571187,-0.15669693,0.081083156,-1.1281811
-1.5670297e-05,1.3186018e-05,0.1534677,-0.21421616,0.12578915,1.6316181
-0.00011877688,-0.00013223701,0.8083425,0.023750346,-0.11056592,1.3610662
0.00022122679,0.0003549511,-1.396003,-0.2106324,0.19702968,1.5901808
-3.048659e-05,1.8936407e-06,0.2321085,0.35686782,0.22549506,1.6737235
-6.0357426e-05,-8.026999e-05,0.49741533,0.029641252,0.07991282,-1.59349
8.1206876e-05,0.00015301105,-0.4772939,0.113326475,0.25884184,1.1324853
-8.467611e-05,-0.00010625602,0.6233477,0.034587782,-0.21512702,-0.98247
-9.663764e-05,-0.000120571145,0.7114318,0.09144883,0.07358632,-0.5435907
-6.9732225e-05,-8.166503e-05,0.518335,0.25415805,-0.2047647,-1.0801159
-0.00021948315,-0.00027666046,1.4819616,0.27406517,0.20097145,1.3141474
-4.081462e-05,-5.3365817e-05,0.3735602,-0.13004221,0.089370646,-1.4326235
-0.00013523738,-0.0001798803,0.9638343,0.054564398,-0.071717285,-0.9360315
-6.91156e-05,-7.188425e-05,0.5197108,-0.29240862,0.1245499,1.0303966
8.394751e-05,0.00016165045,-0.5264809,0.24282257,-0.12995908,1.0068778
-3.718829e-05,-1.9962397e-05,0.29464453,0.21213464,0.11738873,0.67412406
-9.852642e-05,-9.769414e-05,0.67336315,0.34556225,0.084199406,1.4611033
5.237696e-05,0.00011242211,-0.3049621,0.14457498,-0.0076683722,0.95026106
-0.00019950907,-0.00025453826,1.3566114,0.36315098,0.082619525,0.403848
0.00025489798,0.00039235505,-1.5962704,0.04170839,0.21922955,0.07973559
0.00015735494,0.00026160036,-0.98662144,0.30963293,0.05989513,0.456024
-0.00012984073,-0.00015850423,0.89738214,-0.28068432,-0.21509281,0.8301113
8.31019e-05,0.00014113005,-0.4873631,-0.17074437,-0.25305638,-0.21009223
-2.660017e-05,5.14563e-07,0.22256662,-0.037430722,0.21378703,1.6951902
-8.5958614e-05,-8.964856e-05,0.623256,0.05729274,0.27968535,1.1765932
-0.00010064198,-0.000118505646,0.73204106,-0.27033767,0.1908507,0.9536446
-0.00025048066,-0.00034599533,1.7365813,-0.33532533,0.18853435,0.04717572
8.82239e-05,0.0001597184,-0.5146466,0.068812415,0.29115942,0.91075116
2.4954626e-05,7.95252e-05,-0.136217,0.10191625,0.016786616,1.6957139
-0.0002471707,-0.00032876522,1.6747962,0.37137452,-0.0038982888,-0.18956344
0.00018640757,0.0002789256,-1.118846,0.21588962,0.2522684,-1.5695254
-0.00017121223,-0.00023161448,1.1884247,-0.0036376296,-0.28178492,-0.98667926
2.710238e-05,8.7537126e-05,-0.1780101,0.30761865,-0.28829595,1.5303053
5.99696e-05,0.000103611506,-0.30649677,-0.121942595,0.1441783,-0.3340463
0.00015609984,0.00025513957,-0.97495586,0.34452334,-0.034942772,-0.13321702
-0.00021571241,-0.00029577297,1.4809264,0.057031076,-0.2581407,-1.0514723
3.797174e-05,5.8558893e-05,-0.14424288,-0.15394162,0.0027498158,-1.6649319
-8.966579e-05,-0.00010616142,0.64395833,0.22583227,-0.15273932,-0.56861776
-6.935152e-05,-7.141837e-05,0.5187895,-0.21119727,0.11972556,0.958931
9.0576665e-05,0.00013744348,-0.5059567,-0.2353126,-0.21232846,-1.4452152
-9.694886e-05,-0.00012397344,0.72808474,0.044958275,0.23104212,-0.60451025
-0.00020052593,-0.00023912807,1.3118528,0.3994948,-0.26321593,1.6480774
-0.00021138972,-0.00028240454,1.4639406,0.054625433,0.19994053,0.03544934
-0.00017118186,-0.0002167164,1.1910795,-0.19785602,0.26240763,1.2565573
0.00018431294,0.00027626217,-1.116452,0.11273186,0.04139671,-1.5365392
0.0001992848,0.0003198553,-1.2434555,-0.22477515,0.2333363,1.3275474
0.00018067907,0.0002732897,-1.1051968,-0.20652921,-0.157401,-0.92550915
-0.00024602306,-0.0003211258,1.650969,0.38129225,-0.09154334,0.2869857
0.00021816754,0.00032444144,-1.337963,-0.24661548,-0.026991751,-1.0351506
0.00015296476,0.00024114948,-0.9269132,-0.18240531,0.05819473,-0.017959284
3.1510994e-05,7.840172e-05,-0.15572663,-0.14348646,0.03953224,1.1380955
-0.0001918771,-0.00024182018,1.2890785,-0.12106235,-0.25082055,1.1312636
-3.3859822e-05,-2.2585842e-05,0.26563203,0.007821661,-0.30546227,-0.045523092
-3.634158e-05,-2.4390443e-05,0.28295845,-0.13956864,-0.24594489,0.43951887
0.00016043983,0.0002509103,-0.96419257,-0.28362092,0.2223557,0.20549472
0.00021746774,0.00031999542,-1.3131884,0.0673279,0.26974663,-1.660235
0.00010049324,0.00016515759,-0.57382745,0.21696858,0.27341804,-0.5448565
-0.00012373451,-0.00017253979,0.8982296,-0.28450617,-0.26698795,-1.3940948
0.00018827162,0.0002886965,-1.1421541,0.30750814,0.3110412,-1.0047928
0.00021765218,0.00033902292,-1.3650311,-0.09422572,-0.025120642,0.16013797
-2.427736e-05,-7.922954e-06,0.23036015,-0.21928288,0.19537947,0.8748844
0.00018503232,0.0002946967,-1.1429732,-0.34545287,0.18296346,1.0643934
-0.00015620771,-0.00021779214,1.1196376,-0.061268885,-0.02200022,-1.4095246
-8.255584e-05,-9.268723e-05,0.58776253,0.020114224,-0.24637416,0.019124104
-3.558212e-05,-9.065519e-06,0.2759867,0.24447297,0.27409026,1.5736128
0.00021729416,0.00033184627,-1.3410362,-0.15416725,0.12934527,-0.23366944
0.00026180985,0.00040286433,-1.6657976,-0.037035543,-0.21766296,-0.1160752
0.00013038078,0.00020788528,-0.7950774,0.18191092,-0.20913807,-0.95662874
0.00011061356,0.0001862141,-0.6499175,-0.1298575,0.2693977,0.6808174
2.982072e-05,7.3982905e-05,-0.13729712,-0.0007772697,0.12620005,0.7721401
-7.4186864e-06,1.1381482e-05,0.12830037,-0.078914806,0.19601884,0.1395963
-5.6707187e-05,-6.354746e-05,0.4599911,0.02734534,0.23394582,-0.3607573
-0.00011582463,-0.00014172276,0.8160611,-0.31403098,-0.14662519,0.6152132
-0.00020929992,-0.00028956166,1.4650116,-0.1829141,0.07856474,-0.6218836
-3.98414e-05,-4.203763e-05,0.34706965,-0.038282473,0.08235405,-0.6540465
0.00019798156,0.00029596957,-1.2009326,-0.31163844,0.0717381,-0.76229876
-0.00021688663,-0.00028921582,1.4795803,-0.14399941,-0.16478387,0.17687495
1.2375246e-05,6.425061e-05,-0.06830155,0.19876954,-0.13509844,1.6696904
0.0001595859,0.00024501653,-0.9737312,-0.2960094,-0.22062472,-0.6072313
8.362366e-05,0.00012657886,-0.46274298,-0.34637126,-0.30179992,-1.4032973
-7.550657e-05,-6.617085e-05,0.50944823,0.24478243,-0.22801581,1.1949335
0.00020703113,0.00033931035,-1.3282812,-0.05781396,-0.07545891,1.5470728
0.00020117102,0.00031100865,-1.2609838,0.30557433,-0.18753615,-1.0914608
0.00012460985,0.00021465277,-0.77549195,0.048041742,-0.034663346,0.8793271
-0.00016971315,-0.00023623623,1.2178553,-0.024164755,0.19725022,-1.1776901
-0.00013025592,-0.00016350787,0.903354,0.2324876,-0.23308268,-0.51858395
-0.00013624773,-0.0001805274,0.9649182,0.17099945,-0.12747017,-1.1141769
-0.0001733676,-0.00023655602,1.2263981,-0.25638995,0.05334196,-0.4167797
-0.00020584886,-0.0002684164,1.3981961,0.06663291,-0.12748161,0.29658395
-0.0001802986,-0.00023355443,1.2532824,-0.039580185,0.20133886,0.5731047
0.00016261943,0.00025908125,-1.0030667,0.2689444,0.030577037,-0.46601266
-2.3378925e-07,1.2952194e-05,0.08200197,0.12465042,-0.06701285,-1.2969218
-0.00017389578,-0.00023678082,1.2238251,-0.26167712,-0.039314177,-0.43733615
-0.00015976276,-0.0002200843,1.1425215,-0.24574025,0.04202256,-0.75280017
-0.00025363878,-0.000325968,1.7097257,0.07681219,0.24011382,1.7102226
1.677926e-05,6.044458e-05,-0.06641578,0.14714228,0.06506457,0.9649599
-0.00022884116,-0.00030470148,1.5746089,0.066964075,0.23381862,0.32568246
6.922112e-05,0.00012851514,-0.38300905,0.21427928,0.30915138,0.31385785
-0.00022635466,-0.0003147889,1.5752715,0.3579165,0.10900698,-1.6089216
0.00017602155,0.00028384806,-1.1126379,0.22648732,-0.18315974,-0.06506126
-0.00019195343,-0.0002512151,1.3344026,-0.001175004,0.26360163,0.48352653
-0.00023662865,-0.00032501627,1.6370378,0.23227446,0.14861426,-0.9074957
-0.00015926284,-0.00020216258,1.0922223,-0.22707756,-0.21433964,0.63183004
0.000271959,0.00042519334,-1.7387336,0.21596663,-0.027335074,0.3319438
-8.4164014e-05,-9.3770184e-05,0.6090196,-0.07287486,-0.020452764,0.50201184
-0.00012785148,-0.00015570207,0.88695556,0.11287491,-0.1105062,0.21526034
-0.00014558746,-0.00018845292,1.0263101,-0.058845837,0.035471056,-0.028264688
-0.000104089864,-0.00014860614,0.78961414,-0.2942483,-0.052646663,-1.6174456
0.00023662837,0.0003723824,-1.5054263,-0.25056562,-0.13159266,0.90823394
-0.00017580569,-0.00023328184,1.2092823,0.27789965,-0.23553029,-0.9706494
0.0002687411,0.0003996137,-1.6754521,-0.2958003,-0.06465974,-0.7904474
8.079258e-05,0.00015444937,-0.49589056,0.26149502,-0.038446274,0.8023203
0.00019075275,0.0003114202,-1.1984292,-0.20163329,0.17242488,1.6065053
0.00016965134,0.0002624863,-1.0190812,0.05639307,0.31428966,-0.4855153
-9.937084e-05,-9.8421966e-05,0.6812614,0.37704948,0.14942583,1.509715
-0.00020913841,-0.0002809592,1.4565239,-0.010857659,0.26162156,0.0329407
-5.0661565e-05,-5.674384e-05,0.42094743,-0.008722561,0.17222229,-0.53672236
-0.00022668288,-0.00029983645,1.5495659,-0.14595516,0.06358919,0.72086746
2.8672708e-05,6.155104e-05,-0.10782986,-0.10584836,0.13493331,-0.06255601
3.9316998e-05,8.165991e-05,-0.18497863,-0.3160014,0.13523917,0.7609906
5.500422e-05,0.000110440335,-0.30594474,-0.18954013,0.03776813,1.0315201
7.6359705e-05,0.00013130438,-0.42136723,-0.0731072,0.15769693,-0.029002355
8.2238694e-07,4.750308e-05,-0.0010950542,0.19800182,-0.2947597,1.5276835
0.00012558418,0.00020540578,-0.74785835,-0.32429597,0.15993616,0.6940792
-0.00010307171,-0.000110282825,0.7041314,0.2598423,-0.122466944,0.8572629
0.00011706492,0.00018590884,-0.67465585,-0.3622242,0.21958026,0.1288975
0.0002136878,0.00032619358,-1.3091933,-0.1437548,0.26544985,-0.1739618
-0.0002410256,-0.0003173967,1.6366056,0.262103,0.10608301,0.3380502
-5.6930283e-05,-5.9564903e-05,0.44072375,0.22010617,0.033585344,-0.46825713
-0.00023756783,-0.00031927178,1.6298265,0.33999148,0.16853103,-0.40269917
-6.826014e-05,-7.156421e-05,0.51840705,0.3186808,0.26301476,-0.021730827
-0.00015703602,-0.00019788736,1.0991112,0.33924714,0.3019162,0.17990525
0.00016154694,0.00024640895,-0.9548277,-0.36633405,0.30097792,-0.1614968
0.0002684131,0.00040609125,-1.6687279,-0.31671438,0.2598544,0.1964658
0.00012022782,0.00018779837,-0.69573134,-0.27840373,0.13220486,-0.3537113
0.00019139342,0.0003045661,-1.2095708,-0.030522186,-0.20202461,0.22948296
-0.00018525425,-0.00023469262,1.2672949,0.3047265,0.12478218,0.47016746
-0.0001276099,-0.00015252305,0.8885502,0.05376522,0.038203333,0.7214964
0.00016439657,0.00025977273,-1.0140191,0.044281404,-0.055905726,-0.3223788
-7.157694e-05,-9.2257644e-05,0.5622122,0.25610682,0.10025684,-1.5723513
9.299311e-05,0.00015719775,-0.5555765,-0.006291586,-0.22693375,-0.31172222
-3.2780008e-06,2.7205788e-05,0.074967794,-0.32111487,0.025006298,1.3592106
-8.0601356e-05,-7.948633e-05,0.5594322,-0.03624447,-0.17529055,1.1729525
3.0928404e-06,4.4079305e-05,-0.002121327,-0.09965056,-0.32008818,1.3934319
0.00026675523,0.0004109164,-1.7034701,0.16221659,-0.25184622,-0.41469258
-0.000219753,-0.0002920619,1.5037454,0.274007,0.041553352,-0.2602784
0.00020967504,0.00031037378,-1.2631257,0.19039504,0.3260649,-1.6713806
-8.3668216e-05,-8.869928e-05,0.5986106,0.06834285,0.02217922,0.7044726
-3.194955e-05,-4.142821e-06,0.2277222,0.038867112,-0.216211,1.4759225
4.6699774e-05,7.915735e-05,-0.21739022,0.030892935,0.019303653,-1.2174703
0.00011760765,0.00020357344,-0.7314064,0.3249078,-0.060980584,0.27353483
-4.7289515e-05,-5.1195282e-05,0.38142848,0.06932132,-0.11138406,-0.8609695
0.0001523047,0.0002593126,-0.97667384,-0.28683504,-0.27907136,1.6977481
-0.00010694201,-0.00011371843,0.7241704,0.12143664,-0.16578308,1.2720171
0.00019298306,0.00030289977,-1.2174152,0.013075751,-0.2870666,-0.3018214
2.9303621e-05,6.456234e-05,-0.12323612,0.06773774,0.027942825,-0.2647212
0.00022461666,0.00032654393,-1.3576319,-0.34456882,0.12058959,-1.4219853
2.4252124e-05,5.6776993e-05,-0.088890664,-0.0744106,0.011620853,-0.07187669
-0.00018979136,-0.00026376187,1.3485168,-0.12651117,0.21427283,-0.8348529
-6.803853e-05,-6.376207e-05,0.5057129,0.03568284,0.27686206,1.2083443
-0.00012511807,-0.00013628321,0.83326906,0.19467764,-0.21143606,1.458629
-0.00016089664,-0.00020283464,1.1052336,0.245593,-0.042270567,0.104681805
-0.00022675465,-0.00030401113,1.5469595,0.13806145,-0.09306731,-0.31075257
0.00014850021,0.00024247062,-0.90426594,0.27209893,0.2769775,0.110097244
-1.809667e-05,5.755057e-06,0.17585427,0.20740972,0.169905,0.54641354
0.0001403934,0.00020761049,-0.8184739,-0.17154653,-0.0033349057,-1.5579273
7.544644e-05,0.000132736,-0.44768023,0.31461433,-0.28021386,-0.8403272
-1.0048887e-05,9.897549e-06,0.116693065,0.31758633,-0.19272402,-0.68528205
-0.00023657324,-0.00031137172,1.6037787,-0.011283237,-0.015479233,0.67717963
-0.00014717742,-0.00018474119,1.02366,0.007407111,0.016205404,0.41150838
2.0808024e-05,3.9840073e-05,-0.029453984,-0.00093378406,0.27881142,-1.1096004
8.2179577e-07,2.120974e-05,0.06482525,-0.15454498,-0.06074063,-0.15206198
0.0002338997,0.00037135178,-1.4743456,-0.042987186,0.24331197,1.1478251
-7.1815346e-05,-6.4469554e-05,0.5080245,0.20388763,0.05654678,1.1701429
0.00013127373,0.00019381373,-0.7679359,-0.24691708,-0.20689443,-1.6604062
0.00019250736,0.00029683532,-1.1736809,-0.024081308,0.2636493,-0.26503867
0.0002750844,0.00041314933,-1.7303022,-0.05729683,-0.11830988,-0.84527653
0.0001518696,0.0002325602,-0.91722554,0.27139547,-0.07366075,-1.6098796
-3.4798202e-05,-7.794712e-06,0.25632864,0.14793415,-0.001733314,1.5156316
0.00020107947,0.00033911897,-1.3158997,0.28760138,-0.21794048,1.612348
0.0002114279,0.00033477278,-1.3418155,-0.06396158,-0.17745009,0.42681772
-0.00019752662,-0.00025807772,1.3563691,0.16175143,0.06197128,0.1313866
-8.455478e-06,1.9061483e-05,0.098216906,0.17839599,-0.12005403,0.28136685
0.00010478044,0.00018797886,-0.6570725,0.22781591,-0.15269402,0.6488717
-0.00019008708,-0.0002523384,1.3273726,-0.1539069,0.20240387,0.3358057
-0.00010951026,-0.00015232668,0.8294738,-0.105895,0.19853958,-1.33737
4.903669e-05,8.459638e-05,-0.24790746,0.0282938,-0.18724002,-1.1979349
0.00020420151,0.00032027916,-1.2637411,-0.18555672,0.22454152,0.61081487
0.00015395162,0.0002543909,-0.9515468,0.35357586,0.21984121,0.3002885
-0.00026166145,-0.00033974097,1.7364541,-0.09358318,-0.3371078,1.29857
-7.283804e-05,-0.0001031087,0.5798519,-0.30254838,-0.12832788,-1.6428605
